simulationConditionId	measurement	time	observableId	observableParameters	noiseParameters	datasetId	replicateId
condition1	0.33316540581295273	0.0	obs_y1		noiseParameter1	dataset1	0
condition1	0.33419705998009896	0.005	obs_y1		noiseParameter1	dataset1	0
condition1	0.33571377677306696	0.01	obs_y1		noiseParameter1	dataset1	0
condition1	0.3372726827000472	0.015	obs_y1		noiseParameter1	dataset1	0
condition1	0.33795421941851556	0.02	obs_y1		noiseParameter1	dataset1	0
condition1	0.3392379597981963	0.025	obs_y1		noiseParameter1	dataset1	0
condition1	0.3411499720246868	0.03	obs_y1		noiseParameter1	dataset1	0
condition1	0.3421799522239507	0.035	obs_y1		noiseParameter1	dataset1	0
condition1	0.34307289137718144	0.04	obs_y1		noiseParameter1	dataset1	0
condition1	0.34474864117689874	0.045	obs_y1		noiseParameter1	dataset1	0
condition1	0.345740442105032	0.05	obs_y1		noiseParameter1	dataset1	0
condition1	0.3470896288269485	0.055	obs_y1		noiseParameter1	dataset1	0
condition1	0.34869809141089597	0.06	obs_y1		noiseParameter1	dataset1	0
condition1	0.3493184721819257	0.065	obs_y1		noiseParameter1	dataset1	0
condition1	0.3507685385533846	0.07	obs_y1		noiseParameter1	dataset1	0
condition1	0.35257518798131915	0.075	obs_y1		noiseParameter1	dataset1	0
condition1	0.35382633081273135	0.08	obs_y1		noiseParameter1	dataset1	0
condition1	0.3557211319637227	0.085	obs_y1		noiseParameter1	dataset1	0
condition1	0.35672252607845295	0.09	obs_y1		noiseParameter1	dataset1	0
condition1	0.35799102667348304	0.095	obs_y1		noiseParameter1	dataset1	0
condition1	0.3604889873642916	0.1	obs_y1		noiseParameter1	dataset1	0
condition1	0.36135758786691025	0.105	obs_y1		noiseParameter1	dataset1	0
condition1	0.3629554207959653	0.11	obs_y1		noiseParameter1	dataset1	0
condition1	0.36391757813624415	0.115	obs_y1		noiseParameter1	dataset1	0
condition1	0.36575790085074933	0.12	obs_y1		noiseParameter1	dataset1	0
condition1	0.3675328592252004	0.125	obs_y1		noiseParameter1	dataset1	0
condition1	0.36861721635133216	0.13	obs_y1		noiseParameter1	dataset1	0
condition1	0.3707462668861387	0.135	obs_y1		noiseParameter1	dataset1	0
condition1	0.3719639510266547	0.14	obs_y1		noiseParameter1	dataset1	0
condition1	0.37367462467082985	0.145	obs_y1		noiseParameter1	dataset1	0
condition1	0.3751698798298383	0.15	obs_y1		noiseParameter1	dataset1	0
condition1	0.377722433884077	0.155	obs_y1		noiseParameter1	dataset1	0
condition1	0.37866378634942643	0.16	obs_y1		noiseParameter1	dataset1	0
condition1	0.37992820845523806	0.165	obs_y1		noiseParameter1	dataset1	0
condition1	0.38232335668386963	0.17	obs_y1		noiseParameter1	dataset1	0
condition1	0.38323668866966526	0.17500000000000002	obs_y1		noiseParameter1	dataset1	0
condition1	0.3854992685831454	0.18	obs_y1		noiseParameter1	dataset1	0
condition1	0.3863916564422163	0.185	obs_y1		noiseParameter1	dataset1	0
condition1	0.3883836285477173	0.19	obs_y1		noiseParameter1	dataset1	0
condition1	0.3907454352343501	0.195	obs_y1		noiseParameter1	dataset1	0
condition1	0.3927455746320639	0.2	obs_y1		noiseParameter1	dataset1	0
condition1	0.3943297372773099	0.20500000000000002	obs_y1		noiseParameter1	dataset1	0
condition1	0.39604228699034233	0.21	obs_y1		noiseParameter1	dataset1	0
condition1	0.39781403104672	0.215	obs_y1		noiseParameter1	dataset1	0
condition1	0.3992086647015105	0.22	obs_y1		noiseParameter1	dataset1	0
condition1	0.4013970638358885	0.225	obs_y1		noiseParameter1	dataset1	0
condition1	0.40340759903958445	0.23	obs_y1		noiseParameter1	dataset1	0
condition1	0.40595069893970215	0.23500000000000001	obs_y1		noiseParameter1	dataset1	0
condition1	0.4076120958018201	0.24	obs_y1		noiseParameter1	dataset1	0
condition1	0.4087222117704513	0.245	obs_y1		noiseParameter1	dataset1	0
condition1	0.4115717139726572	0.25	obs_y1		noiseParameter1	dataset1	0
condition1	0.41329612775892616	0.255	obs_y1		noiseParameter1	dataset1	0
condition1	0.41521410776516665	0.26	obs_y1		noiseParameter1	dataset1	0
condition1	0.4178142429328517	0.265	obs_y1		noiseParameter1	dataset1	0
condition1	0.4200787903678346	0.27	obs_y1		noiseParameter1	dataset1	0
condition1	0.4221504508537518	0.275	obs_y1		noiseParameter1	dataset1	0
condition1	0.4235381229441627	0.28	obs_y1		noiseParameter1	dataset1	0
condition1	0.4259233652183845	0.28500000000000003	obs_y1		noiseParameter1	dataset1	0
condition1	0.4283836918348166	0.29	obs_y1		noiseParameter1	dataset1	0
condition1	0.43087439028429714	0.295	obs_y1		noiseParameter1	dataset1	0
condition1	0.43248610056438513	0.3	obs_y1		noiseParameter1	dataset1	0
condition1	0.43487843949830673	0.305	obs_y1		noiseParameter1	dataset1	0
condition1	0.4367684366549122	0.31	obs_y1		noiseParameter1	dataset1	0
condition1	0.43904704400684624	0.315	obs_y1		noiseParameter1	dataset1	0
condition1	0.44228077015749323	0.32	obs_y1		noiseParameter1	dataset1	0
condition1	0.4449017320810137	0.325	obs_y1		noiseParameter1	dataset1	0
condition1	0.44667355119481517	0.33	obs_y1		noiseParameter1	dataset1	0
condition1	0.449592601410049	0.335	obs_y1		noiseParameter1	dataset1	0
condition1	0.45177143139021353	0.34	obs_y1		noiseParameter1	dataset1	0
condition1	0.4538119922826925	0.34500000000000003	obs_y1		noiseParameter1	dataset1	0
condition1	0.45679790152774974	0.35000000000000003	obs_y1		noiseParameter1	dataset1	0
condition1	0.45989868438777254	0.355	obs_y1		noiseParameter1	dataset1	0
condition1	0.46176758846576627	0.36	obs_y1		noiseParameter1	dataset1	0
condition1	0.4651351553836451	0.365	obs_y1		noiseParameter1	dataset1	0
condition1	0.4658425486451623	0.37	obs_y1		noiseParameter1	dataset1	0
condition1	0.47014364594474983	0.375	obs_y1		noiseParameter1	dataset1	0
condition1	0.47252443794607774	0.38	obs_y1		noiseParameter1	dataset1	0
condition1	0.475101890161604	0.385	obs_y1		noiseParameter1	dataset1	0
condition1	0.4780840444085877	0.39	obs_y1		noiseParameter1	dataset1	0
condition1	0.4799166965470105	0.395	obs_y1		noiseParameter1	dataset1	0
condition1	0.48363518240962	0.4	obs_y1		noiseParameter1	dataset1	0
condition1	0.48682152745343915	0.405	obs_y1		noiseParameter1	dataset1	0
condition1	0.49031552760570074	0.41000000000000003	obs_y1		noiseParameter1	dataset1	0
condition1	0.4923194604505759	0.41500000000000004	obs_y1		noiseParameter1	dataset1	0
condition1	0.4951960480832007	0.42	obs_y1		noiseParameter1	dataset1	0
condition1	0.49840837161274015	0.425	obs_y1		noiseParameter1	dataset1	0
condition1	0.5022202491374187	0.43	obs_y1		noiseParameter1	dataset1	0
condition1	0.5050704729087634	0.435	obs_y1		noiseParameter1	dataset1	0
condition1	0.507820741776997	0.44	obs_y1		noiseParameter1	dataset1	0
condition1	0.5115803416337471	0.445	obs_y1		noiseParameter1	dataset1	0
condition1	0.5146391198535112	0.45	obs_y1		noiseParameter1	dataset1	0
condition1	0.5184060886242788	0.455	obs_y1		noiseParameter1	dataset1	0
condition1	0.5208984475313251	0.46	obs_y1		noiseParameter1	dataset1	0
condition1	0.5244979303593118	0.465	obs_y1		noiseParameter1	dataset1	0
condition1	0.5279144210943948	0.47000000000000003	obs_y1		noiseParameter1	dataset1	0
condition1	0.5308421047799236	0.47500000000000003	obs_y1		noiseParameter1	dataset1	0
condition1	0.535325006510977	0.48	obs_y1		noiseParameter1	dataset1	0
condition1	0.5389021201499895	0.485	obs_y1		noiseParameter1	dataset1	0
condition1	0.5424085369994084	0.49	obs_y1		noiseParameter1	dataset1	0
condition1	0.5459721093241329	0.495	obs_y1		noiseParameter1	dataset1	0
condition1	0.5490674282829766	0.5	obs_y1		noiseParameter1	dataset1	0
condition1	0.5534100565585157	0.505	obs_y1		noiseParameter1	dataset1	0
condition1	0.5573018517266468	0.51	obs_y1		noiseParameter1	dataset1	0
condition1	0.5609460429356367	0.515	obs_y1		noiseParameter1	dataset1	0
condition1	0.5652632202951137	0.52	obs_y1		noiseParameter1	dataset1	0
condition1	0.5695977585399631	0.525	obs_y1		noiseParameter1	dataset1	0
condition1	0.574518861839118	0.53	obs_y1		noiseParameter1	dataset1	0
condition1	0.5776648014231311	0.535	obs_y1		noiseParameter1	dataset1	0
condition1	0.5818986313353368	0.54	obs_y1		noiseParameter1	dataset1	0
condition1	0.5859490727965709	0.545	obs_y1		noiseParameter1	dataset1	0
condition1	0.58916398461342	0.55	obs_y1		noiseParameter1	dataset1	0
condition1	0.5946458135825083	0.555	obs_y1		noiseParameter1	dataset1	0
condition1	0.5991246359865712	0.56	obs_y1		noiseParameter1	dataset1	0
condition1	0.6050653223224459	0.5650000000000001	obs_y1		noiseParameter1	dataset1	0
condition1	0.6080156598672134	0.5700000000000001	obs_y1		noiseParameter1	dataset1	0
condition1	0.6129366107956459	0.5750000000000001	obs_y1		noiseParameter1	dataset1	0
condition1	0.617415783417355	0.58	obs_y1		noiseParameter1	dataset1	0
condition1	0.6214627186038074	0.585	obs_y1		noiseParameter1	dataset1	0
condition1	0.6277274251461682	0.59	obs_y1		noiseParameter1	dataset1	0
condition1	0.6323764924680383	0.595	obs_y1		noiseParameter1	dataset1	0
condition1	0.6373662159552977	0.6	obs_y1		noiseParameter1	dataset1	0
condition1	0.64131155898097	0.605	obs_y1		noiseParameter1	dataset1	0
condition1	0.6479086817981751	0.61	obs_y1		noiseParameter1	dataset1	0
condition1	0.6512667086480725	0.615	obs_y1		noiseParameter1	dataset1	0
condition1	0.6578220066685655	0.62	obs_y1		noiseParameter1	dataset1	0
condition1	0.6642197082232435	0.625	obs_y1		noiseParameter1	dataset1	0
condition1	0.6675156335920127	0.63	obs_y1		noiseParameter1	dataset1	0
condition1	0.6732845804976814	0.635	obs_y1		noiseParameter1	dataset1	0
condition1	0.6793026764669893	0.64	obs_y1		noiseParameter1	dataset1	0
condition1	0.6845407052298565	0.645	obs_y1		noiseParameter1	dataset1	0
condition1	0.6895480937637389	0.65	obs_y1		noiseParameter1	dataset1	0
condition1	0.6964845279414401	0.655	obs_y1		noiseParameter1	dataset1	0
condition1	0.7015940897793667	0.66	obs_y1		noiseParameter1	dataset1	0
condition1	0.7086660822504938	0.665	obs_y1		noiseParameter1	dataset1	0
condition1	0.713752635323593	0.67	obs_y1		noiseParameter1	dataset1	0
condition1	0.7216950347315058	0.675	obs_y1		noiseParameter1	dataset1	0
condition1	0.7262688823782583	0.68	obs_y1		noiseParameter1	dataset1	0
condition1	0.7329547978078438	0.685	obs_y1		noiseParameter1	dataset1	0
condition1	0.7402396293844926	0.6900000000000001	obs_y1		noiseParameter1	dataset1	0
condition1	0.7452622146272115	0.6950000000000001	obs_y1		noiseParameter1	dataset1	0
condition1	0.7529919195039012	0.7000000000000001	obs_y1		noiseParameter1	dataset1	0
condition1	0.7605523908577227	0.705	obs_y1		noiseParameter1	dataset1	0
condition1	0.7651668301294472	0.71	obs_y1		noiseParameter1	dataset1	0
condition1	0.7734828626025974	0.715	obs_y1		noiseParameter1	dataset1	0
condition1	0.7805877925919255	0.72	obs_y1		noiseParameter1	dataset1	0
condition1	0.7881508806310109	0.725	obs_y1		noiseParameter1	dataset1	0
condition1	0.7938091795760206	0.73	obs_y1		noiseParameter1	dataset1	0
condition1	0.8010988552103121	0.735	obs_y1		noiseParameter1	dataset1	0
condition1	0.810056782203513	0.74	obs_y1		noiseParameter1	dataset1	0
condition1	0.8174651342734106	0.745	obs_y1		noiseParameter1	dataset1	0
condition1	0.825131168634893	0.75	obs_y1		noiseParameter1	dataset1	0
condition1	0.8330307920187005	0.755	obs_y1		noiseParameter1	dataset1	0
condition1	0.8401058442574454	0.76	obs_y1		noiseParameter1	dataset1	0
condition1	0.8489292018926139	0.765	obs_y1		noiseParameter1	dataset1	0
condition1	0.8571589588547633	0.77	obs_y1		noiseParameter1	dataset1	0
condition1	0.86458858392094	0.775	obs_y1		noiseParameter1	dataset1	0
condition1	0.8752604660826588	0.78	obs_y1		noiseParameter1	dataset1	0
condition1	0.8825992443780382	0.785	obs_y1		noiseParameter1	dataset1	0
condition1	0.8897996396375644	0.79	obs_y1		noiseParameter1	dataset1	0
condition1	0.9002622123896603	0.795	obs_y1		noiseParameter1	dataset1	0
condition1	0.9077294660357667	0.8	obs_y1		noiseParameter1	dataset1	0
condition1	0.9184159201903944	0.805	obs_y1		noiseParameter1	dataset1	0
condition1	0.9279831454969688	0.81	obs_y1		noiseParameter1	dataset1	0
condition1	0.9354956522064142	0.8150000000000001	obs_y1		noiseParameter1	dataset1	0
condition1	0.9466712590390765	0.8200000000000001	obs_y1		noiseParameter1	dataset1	0
condition1	0.9557940907241073	0.8250000000000001	obs_y1		noiseParameter1	dataset1	0
condition1	0.9659784072075367	0.8300000000000001	obs_y1		noiseParameter1	dataset1	0
condition1	0.9769676911916381	0.835	obs_y1		noiseParameter1	dataset1	0
condition1	0.9849595880227193	0.84	obs_y1		noiseParameter1	dataset1	0
condition1	0.9946866940791438	0.845	obs_y1		noiseParameter1	dataset1	0
condition1	1.0049326343611056	0.85	obs_y1		noiseParameter1	dataset1	0
condition1	1.0155455273358287	0.855	obs_y1		noiseParameter1	dataset1	0
condition1	1.0270022485493033	0.86	obs_y1		noiseParameter1	dataset1	0
condition1	1.0383040403350148	0.865	obs_y1		noiseParameter1	dataset1	0
condition1	1.049272861468978	0.87	obs_y1		noiseParameter1	dataset1	0
condition1	1.0610588699986139	0.875	obs_y1		noiseParameter1	dataset1	0
condition1	1.0715642037296071	0.88	obs_y1		noiseParameter1	dataset1	0
condition1	1.0846645196140339	0.885	obs_y1		noiseParameter1	dataset1	0
condition1	1.0945144987761037	0.89	obs_y1		noiseParameter1	dataset1	0
condition1	1.109705324153661	0.895	obs_y1		noiseParameter1	dataset1	0
condition1	1.1194648045296272	0.9	obs_y1		noiseParameter1	dataset1	0
condition1	1.130047100732385	0.905	obs_y1		noiseParameter1	dataset1	0
condition1	1.1422282338368865	0.91	obs_y1		noiseParameter1	dataset1	0
condition1	1.1566338289501095	0.915	obs_y1		noiseParameter1	dataset1	0
condition1	1.1686279575971095	0.92	obs_y1		noiseParameter1	dataset1	0
condition1	1.1827386532086153	0.925	obs_y1		noiseParameter1	dataset1	0
condition1	1.1956612119344603	0.93	obs_y1		noiseParameter1	dataset1	0
condition1	1.2084065136536308	0.935	obs_y1		noiseParameter1	dataset1	0
condition1	1.2210593433324575	0.9400000000000001	obs_y1		noiseParameter1	dataset1	0
condition1	1.2340252980063016	0.9450000000000001	obs_y1		noiseParameter1	dataset1	0
condition1	1.2493491276123303	0.9500000000000001	obs_y1		noiseParameter1	dataset1	0
condition1	1.2652088691507917	0.9550000000000001	obs_y1		noiseParameter1	dataset1	0
condition1	1.2788312372822017	0.96	obs_y1		noiseParameter1	dataset1	0
condition1	1.291592840812027	0.965	obs_y1		noiseParameter1	dataset1	0
condition1	1.3082947193504206	0.97	obs_y1		noiseParameter1	dataset1	0
condition1	1.323663344397129	0.975	obs_y1		noiseParameter1	dataset1	0
condition1	1.3372797639446046	0.98	obs_y1		noiseParameter1	dataset1	0
condition1	1.354207110523507	0.985	obs_y1		noiseParameter1	dataset1	0
condition1	1.3698448276954938	0.99	obs_y1		noiseParameter1	dataset1	0
condition1	1.3841802973328514	0.995	obs_y1		noiseParameter1	dataset1	0
condition1	1.4025008937018495	1.0	obs_y1		noiseParameter1	dataset1	0
condition1	1.419268884970915	1.0050000000000001	obs_y1		noiseParameter1	dataset1	0
condition1	1.436744093298715	1.01	obs_y1		noiseParameter1	dataset1	0
condition1	1.453681488083688	1.0150000000000001	obs_y1		noiseParameter1	dataset1	0
condition1	1.467336727329635	1.02	obs_y1		noiseParameter1	dataset1	0
condition1	1.4854278768933054	1.025	obs_y1		noiseParameter1	dataset1	0
condition1	1.5053129210679972	1.03	obs_y1		noiseParameter1	dataset1	0
condition1	1.5232937162708378	1.035	obs_y1		noiseParameter1	dataset1	0
condition1	1.541539266600456	1.04	obs_y1		noiseParameter1	dataset1	0
condition1	1.5652512291801828	1.045	obs_y1		noiseParameter1	dataset1	0
condition1	1.5789099978274206	1.05	obs_y1		noiseParameter1	dataset1	0
condition1	1.5988581378058067	1.055	obs_y1		noiseParameter1	dataset1	0
condition1	1.6178954100343812	1.06	obs_y1		noiseParameter1	dataset1	0
condition1	1.637004353021825	1.065	obs_y1		noiseParameter1	dataset1	0
condition1	1.6552816305609488	1.07	obs_y1		noiseParameter1	dataset1	0
condition1	1.6772233409399087	1.075	obs_y1		noiseParameter1	dataset1	0
condition1	1.6950738979060451	1.08	obs_y1		noiseParameter1	dataset1	0
condition1	1.7167008018410546	1.085	obs_y1		noiseParameter1	dataset1	0
condition1	1.7372784300202917	1.09	obs_y1		noiseParameter1	dataset1	0
condition1	1.7595758532105092	1.095	obs_y1		noiseParameter1	dataset1	0
condition1	1.7851622505432294	1.1	obs_y1		noiseParameter1	dataset1	0
condition1	1.7995823529260406	1.105	obs_y1		noiseParameter1	dataset1	0
condition1	1.8264149025137908	1.11	obs_y1		noiseParameter1	dataset1	0
condition1	1.8447032344121643	1.115	obs_y1		noiseParameter1	dataset1	0
condition1	1.8696311004612838	1.12	obs_y1		noiseParameter1	dataset1	0
condition1	1.8957198833108324	1.125	obs_y1		noiseParameter1	dataset1	0
condition1	1.9172409181667256	1.1300000000000001	obs_y1		noiseParameter1	dataset1	0
condition1	1.938804610330892	1.135	obs_y1		noiseParameter1	dataset1	0
condition1	1.963591155163929	1.1400000000000001	obs_y1		noiseParameter1	dataset1	0
condition1	1.9907734087124576	1.145	obs_y1		noiseParameter1	dataset1	0
condition1	2.0127020447606685	1.1500000000000001	obs_y1		noiseParameter1	dataset1	0
condition1	2.039695959703257	1.155	obs_y1		noiseParameter1	dataset1	0
condition1	2.064762320705455	1.16	obs_y1		noiseParameter1	dataset1	0
condition1	2.089054582773076	1.165	obs_y1		noiseParameter1	dataset1	0
condition1	2.121040063755073	1.17	obs_y1		noiseParameter1	dataset1	0
condition1	2.1442861545074945	1.175	obs_y1		noiseParameter1	dataset1	0
condition1	2.1653009897857265	1.18	obs_y1		noiseParameter1	dataset1	0
condition1	2.1972158820936674	1.185	obs_y1		noiseParameter1	dataset1	0
condition1	2.222791897173663	1.19	obs_y1		noiseParameter1	dataset1	0
condition1	2.2539895339014437	1.195	obs_y1		noiseParameter1	dataset1	0
condition1	2.278418828251053	1.2	obs_y1		noiseParameter1	dataset1	0
condition1	2.3084693169317236	1.205	obs_y1		noiseParameter1	dataset1	0
condition1	2.3387767687216874	1.21	obs_y1		noiseParameter1	dataset1	0
condition1	2.3688629675558226	1.215	obs_y1		noiseParameter1	dataset1	0
condition1	2.3935120763045274	1.22	obs_y1		noiseParameter1	dataset1	0
condition1	2.4255098031944726	1.225	obs_y1		noiseParameter1	dataset1	0
condition1	2.4554472762215984	1.23	obs_y1		noiseParameter1	dataset1	0
condition1	2.485642460107984	1.235	obs_y1		noiseParameter1	dataset1	0
condition1	2.522728625016338	1.24	obs_y1		noiseParameter1	dataset1	0
condition1	2.550693209460926	1.245	obs_y1		noiseParameter1	dataset1	0
condition1	2.5781471324344527	1.25	obs_y1		noiseParameter1	dataset1	0
condition1	2.615906133799254	1.2550000000000001	obs_y1		noiseParameter1	dataset1	0
condition1	2.6515921775107136	1.26	obs_y1		noiseParameter1	dataset1	0
condition1	2.6815771328175964	1.2650000000000001	obs_y1		noiseParameter1	dataset1	0
condition1	2.7078898920583034	1.27	obs_y1		noiseParameter1	dataset1	0
condition1	2.744244675720099	1.2750000000000001	obs_y1		noiseParameter1	dataset1	0
condition1	2.783023687725382	1.28	obs_y1		noiseParameter1	dataset1	0
condition1	2.81180315026844	1.285	obs_y1		noiseParameter1	dataset1	0
condition1	2.8497139929659934	1.29	obs_y1		noiseParameter1	dataset1	0
condition1	2.885701349970731	1.295	obs_y1		noiseParameter1	dataset1	0
condition1	2.9161415760454097	1.3	obs_y1		noiseParameter1	dataset1	0
condition1	2.9544109963908114	1.305	obs_y1		noiseParameter1	dataset1	0
condition1	2.98099187246256	1.31	obs_y1		noiseParameter1	dataset1	0
condition1	3.02404040733349	1.315	obs_y1		noiseParameter1	dataset1	0
condition1	3.063178858932957	1.32	obs_y1		noiseParameter1	dataset1	0
condition1	3.097247952964585	1.325	obs_y1		noiseParameter1	dataset1	0
condition1	3.1437569421920184	1.33	obs_y1		noiseParameter1	dataset1	0
condition1	3.1719551860299884	1.335	obs_y1		noiseParameter1	dataset1	0
condition1	3.2132940505080403	1.34	obs_y1		noiseParameter1	dataset1	0
condition1	3.2536877406471643	1.345	obs_y1		noiseParameter1	dataset1	0
condition1	3.2969010186422927	1.35	obs_y1		noiseParameter1	dataset1	0
condition1	3.3266030431149254	1.355	obs_y1		noiseParameter1	dataset1	0
condition1	3.374870793758313	1.36	obs_y1		noiseParameter1	dataset1	0
condition1	3.4108773392546685	1.365	obs_y1		noiseParameter1	dataset1	0
condition1	3.4476730091485948	1.37	obs_y1		noiseParameter1	dataset1	0
condition1	3.4932125141354344	1.375	obs_y1		noiseParameter1	dataset1	0
condition1	3.5331574730376136	1.3800000000000001	obs_y1		noiseParameter1	dataset1	0
condition1	3.5714764261285	1.385	obs_y1		noiseParameter1	dataset1	0
condition1	3.6153476797348514	1.3900000000000001	obs_y1		noiseParameter1	dataset1	0
condition1	3.6554620356275405	1.395	obs_y1		noiseParameter1	dataset1	0
condition1	3.6993631566329013	1.4000000000000001	obs_y1		noiseParameter1	dataset1	0
condition1	3.743783591624543	1.405	obs_y1		noiseParameter1	dataset1	0
condition1	3.7899560451732373	1.41	obs_y1		noiseParameter1	dataset1	0
condition1	3.8221451736502874	1.415	obs_y1		noiseParameter1	dataset1	0
condition1	3.8783378103628228	1.42	obs_y1		noiseParameter1	dataset1	0
condition1	3.9059106770755494	1.425	obs_y1		noiseParameter1	dataset1	0
condition1	3.9566774470068125	1.43	obs_y1		noiseParameter1	dataset1	0
condition1	4.003613661172105	1.435	obs_y1		noiseParameter1	dataset1	0
condition1	4.0466248687803485	1.44	obs_y1		noiseParameter1	dataset1	0
condition1	4.0874097491798675	1.445	obs_y1		noiseParameter1	dataset1	0
condition1	4.133797385645386	1.45	obs_y1		noiseParameter1	dataset1	0
condition1	4.17752438101379	1.455	obs_y1		noiseParameter1	dataset1	0
condition1	4.222240391237608	1.46	obs_y1		noiseParameter1	dataset1	0
condition1	4.273714478445762	1.465	obs_y1		noiseParameter1	dataset1	0
condition1	4.3171870667421315	1.47	obs_y1		noiseParameter1	dataset1	0
condition1	4.358379769600382	1.475	obs_y1		noiseParameter1	dataset1	0
condition1	4.411310320177076	1.48	obs_y1		noiseParameter1	dataset1	0
condition1	4.454838079128373	1.485	obs_y1		noiseParameter1	dataset1	0
condition1	4.503423927229218	1.49	obs_y1		noiseParameter1	dataset1	0
condition1	4.549090245922155	1.495	obs_y1		noiseParameter1	dataset1	0
condition1	4.589039003373973	1.5	obs_y1		noiseParameter1	dataset1	0
condition1	4.637015343431296	1.5050000000000001	obs_y1		noiseParameter1	dataset1	0
condition1	4.690025999033276	1.51	obs_y1		noiseParameter1	dataset1	0
condition1	4.736456208797655	1.5150000000000001	obs_y1		noiseParameter1	dataset1	0
condition1	4.780636327134331	1.52	obs_y1		noiseParameter1	dataset1	0
condition1	4.828590443593177	1.5250000000000001	obs_y1		noiseParameter1	dataset1	0
condition1	4.88165179232623	1.53	obs_y1		noiseParameter1	dataset1	0
condition1	4.920012501849032	1.5350000000000001	obs_y1		noiseParameter1	dataset1	0
condition1	4.973242393280664	1.54	obs_y1		noiseParameter1	dataset1	0
condition1	5.017195593574623	1.545	obs_y1		noiseParameter1	dataset1	0
condition1	5.064876546052667	1.55	obs_y1		noiseParameter1	dataset1	0
condition1	5.119442300634485	1.555	obs_y1		noiseParameter1	dataset1	0
condition1	5.16599618502715	1.56	obs_y1		noiseParameter1	dataset1	0
condition1	5.21394766811466	1.565	obs_y1		noiseParameter1	dataset1	0
condition1	5.264602600391832	1.57	obs_y1		noiseParameter1	dataset1	0
condition1	5.305928538189534	1.575	obs_y1		noiseParameter1	dataset1	0
condition1	5.357589807479639	1.58	obs_y1		noiseParameter1	dataset1	0
condition1	5.400421676111541	1.585	obs_y1		noiseParameter1	dataset1	0
condition1	5.452055723686888	1.59	obs_y1		noiseParameter1	dataset1	0
condition1	5.497791346621022	1.595	obs_y1		noiseParameter1	dataset1	0
condition1	5.547284887753688	1.6	obs_y1		noiseParameter1	dataset1	0
condition1	5.598333971774014	1.605	obs_y1		noiseParameter1	dataset1	0
condition1	5.638656677815909	1.61	obs_y1		noiseParameter1	dataset1	0
condition1	5.703461873808707	1.615	obs_y1		noiseParameter1	dataset1	0
condition1	5.7340623392944945	1.62	obs_y1		noiseParameter1	dataset1	0
condition1	5.781094059852561	1.625	obs_y1		noiseParameter1	dataset1	0
condition1	5.843164586117874	1.6300000000000001	obs_y1		noiseParameter1	dataset1	0
condition1	5.889342845477893	1.635	obs_y1		noiseParameter1	dataset1	0
condition1	5.936658547524702	1.6400000000000001	obs_y1		noiseParameter1	dataset1	0
condition1	5.984975901515139	1.645	obs_y1		noiseParameter1	dataset1	0
condition1	6.029394216751942	1.6500000000000001	obs_y1		noiseParameter1	dataset1	0
condition1	6.072252042771561	1.655	obs_y1		noiseParameter1	dataset1	0
condition1	6.12639234329152	1.6600000000000001	obs_y1		noiseParameter1	dataset1	0
condition1	6.169954160006551	1.665	obs_y1		noiseParameter1	dataset1	0
condition1	6.228393291989576	1.67	obs_y1		noiseParameter1	dataset1	0
condition1	6.269577597763465	1.675	obs_y1		noiseParameter1	dataset1	0
condition1	6.313440693008667	1.68	obs_y1		noiseParameter1	dataset1	0
condition1	6.364750742405882	1.685	obs_y1		noiseParameter1	dataset1	0
condition1	6.417569718095036	1.69	obs_y1		noiseParameter1	dataset1	0
condition1	6.4593856334472255	1.695	obs_y1		noiseParameter1	dataset1	0
condition1	6.505768964764476	1.7	obs_y1		noiseParameter1	dataset1	0
condition1	6.560801060557015	1.705	obs_y1		noiseParameter1	dataset1	0
condition1	6.608889439844295	1.71	obs_y1		noiseParameter1	dataset1	0
condition1	6.65195505974314	1.715	obs_y1		noiseParameter1	dataset1	0
condition1	6.700221272202483	1.72	obs_y1		noiseParameter1	dataset1	0
condition1	6.752989428686485	1.725	obs_y1		noiseParameter1	dataset1	0
condition1	6.789617000343476	1.73	obs_y1		noiseParameter1	dataset1	0
condition1	6.837865162453901	1.735	obs_y1		noiseParameter1	dataset1	0
condition1	6.890590278833042	1.74	obs_y1		noiseParameter1	dataset1	0
condition1	6.942108846487659	1.745	obs_y1		noiseParameter1	dataset1	0
condition1	6.99381952177916	1.75	obs_y1		noiseParameter1	dataset1	0
condition1	7.050098293179639	1.7550000000000001	obs_y1		noiseParameter1	dataset1	0
condition1	7.093872713725742	1.76	obs_y1		noiseParameter1	dataset1	0
condition1	7.13475290417323	1.7650000000000001	obs_y1		noiseParameter1	dataset1	0
condition1	7.1838806326032145	1.77	obs_y1		noiseParameter1	dataset1	0
condition1	7.224916377943776	1.7750000000000001	obs_y1		noiseParameter1	dataset1	0
condition1	7.280212241292193	1.78	obs_y1		noiseParameter1	dataset1	0
condition1	7.32644648729461	1.7850000000000001	obs_y1		noiseParameter1	dataset1	0
condition1	7.379196448688622	1.79	obs_y1		noiseParameter1	dataset1	0
condition1	7.418970663742731	1.795	obs_y1		noiseParameter1	dataset1	0
condition1	7.47733902642184	1.8	obs_y1		noiseParameter1	dataset1	0
condition1	7.533383577247702	1.805	obs_y1		noiseParameter1	dataset1	0
condition1	7.569484553628975	1.81	obs_y1		noiseParameter1	dataset1	0
condition1	7.621882887760107	1.815	obs_y1		noiseParameter1	dataset1	0
condition1	7.672693942658783	1.82	obs_y1		noiseParameter1	dataset1	0
condition1	7.71295666891546	1.825	obs_y1		noiseParameter1	dataset1	0
condition1	7.766517451664459	1.83	obs_y1		noiseParameter1	dataset1	0
condition1	7.813680053311073	1.835	obs_y1		noiseParameter1	dataset1	0
condition1	7.863237775278906	1.84	obs_y1		noiseParameter1	dataset1	0
condition1	7.905330780748419	1.845	obs_y1		noiseParameter1	dataset1	0
condition1	7.960711144562759	1.85	obs_y1		noiseParameter1	dataset1	0
condition1	8.013672009225258	1.855	obs_y1		noiseParameter1	dataset1	0
condition1	8.070647109724836	1.86	obs_y1		noiseParameter1	dataset1	0
condition1	8.116106210593099	1.865	obs_y1		noiseParameter1	dataset1	0
condition1	8.175380032297836	1.87	obs_y1		noiseParameter1	dataset1	0
condition1	8.20111876960451	1.875	obs_y1		noiseParameter1	dataset1	0
condition1	8.264341153611147	1.8800000000000001	obs_y1		noiseParameter1	dataset1	0
condition1	8.308506773521136	1.885	obs_y1		noiseParameter1	dataset1	0
condition1	8.375257436529841	1.8900000000000001	obs_y1		noiseParameter1	dataset1	0
condition1	8.400267801089203	1.895	obs_y1		noiseParameter1	dataset1	0
condition1	8.450203672292014	1.9000000000000001	obs_y1		noiseParameter1	dataset1	0
condition1	8.502588652701476	1.905	obs_y1		noiseParameter1	dataset1	0
condition1	8.540038348409382	1.9100000000000001	obs_y1		noiseParameter1	dataset1	0
condition1	8.604364203187904	1.915	obs_y1		noiseParameter1	dataset1	0
condition1	8.653143845591728	1.92	obs_y1		noiseParameter1	dataset1	0
condition1	8.712010943049256	1.925	obs_y1		noiseParameter1	dataset1	0
condition1	8.764838028265915	1.93	obs_y1		noiseParameter1	dataset1	0
condition1	8.829684429029854	1.935	obs_y1		noiseParameter1	dataset1	0
condition1	8.873047111805583	1.94	obs_y1		noiseParameter1	dataset1	0
condition1	8.911120783002097	1.945	obs_y1		noiseParameter1	dataset1	0
condition1	8.960023729194377	1.95	obs_y1		noiseParameter1	dataset1	0
condition1	9.024510962517047	1.955	obs_y1		noiseParameter1	dataset1	0
condition1	9.060269472654381	1.96	obs_y1		noiseParameter1	dataset1	0
condition1	9.141314720717032	1.965	obs_y1		noiseParameter1	dataset1	0
condition1	9.187970120127371	1.97	obs_y1		noiseParameter1	dataset1	0
condition1	9.22554808836766	1.975	obs_y1		noiseParameter1	dataset1	0
condition1	9.266900569237897	1.98	obs_y1		noiseParameter1	dataset1	0
condition1	9.3485630057667	1.985	obs_y1		noiseParameter1	dataset1	0
condition1	9.388166228199363	1.99	obs_y1		noiseParameter1	dataset1	0
condition1	9.454449400058698	1.995	obs_y1		noiseParameter1	dataset1	0
condition1	9.48134261537163	2.0	obs_y1		noiseParameter1	dataset1	0
condition1	9.544689298716062	2.005	obs_y1		noiseParameter1	dataset1	0
condition1	9.604602502601265	2.0100000000000002	obs_y1		noiseParameter1	dataset1	0
condition1	9.659356108813382	2.015	obs_y1		noiseParameter1	dataset1	0
condition1	9.709094969174208	2.02	obs_y1		noiseParameter1	dataset1	0
condition1	9.774331775594014	2.025	obs_y1		noiseParameter1	dataset1	0
condition1	9.812760127504367	2.0300000000000002	obs_y1		noiseParameter1	dataset1	0
condition1	9.877062566527353	2.035	obs_y1		noiseParameter1	dataset1	0
condition1	9.93510925875369	2.04	obs_y1		noiseParameter1	dataset1	0
condition1	9.99472453798654	2.045	obs_y1		noiseParameter1	dataset1	0
condition1	10.05263359745049	2.05	obs_y1		noiseParameter1	dataset1	0
condition1	10.09025449240512	2.055	obs_y1		noiseParameter1	dataset1	0
condition1	10.14239453525997	2.06	obs_y1		noiseParameter1	dataset1	0
condition1	10.227626678690132	2.065	obs_y1		noiseParameter1	dataset1	0
condition1	10.274823806161638	2.07	obs_y1		noiseParameter1	dataset1	0
condition1	10.320753556670176	2.075	obs_y1		noiseParameter1	dataset1	0
condition1	10.401909217531742	2.08	obs_y1		noiseParameter1	dataset1	0
condition1	10.444565473344962	2.085	obs_y1		noiseParameter1	dataset1	0
condition1	10.513544825527866	2.09	obs_y1		noiseParameter1	dataset1	0
condition1	10.559924383118824	2.095	obs_y1		noiseParameter1	dataset1	0
condition1	10.639391244135949	2.1	obs_y1		noiseParameter1	dataset1	0
condition1	10.694802283742824	2.105	obs_y1		noiseParameter1	dataset1	0
condition1	10.732193557781528	2.11	obs_y1		noiseParameter1	dataset1	0
condition1	10.804412209573975	2.115	obs_y1		noiseParameter1	dataset1	0
condition1	10.860245453144566	2.12	obs_y1		noiseParameter1	dataset1	0
condition1	10.927751329504332	2.125	obs_y1		noiseParameter1	dataset1	0
condition1	10.962063273857316	2.13	obs_y1		noiseParameter1	dataset1	0
condition1	11.040317941910565	2.1350000000000002	obs_y1		noiseParameter1	dataset1	0
condition1	11.10485237982148	2.14	obs_y1		noiseParameter1	dataset1	0
condition1	11.134123118634982	2.145	obs_y1		noiseParameter1	dataset1	0
condition1	11.201366377031041	2.15	obs_y1		noiseParameter1	dataset1	0
condition1	11.252808659133846	2.1550000000000002	obs_y1		noiseParameter1	dataset1	0
condition1	11.334186477909595	2.16	obs_y1		noiseParameter1	dataset1	0
condition1	11.407131746442971	2.165	obs_y1		noiseParameter1	dataset1	0
condition1	11.478157999371348	2.17	obs_y1		noiseParameter1	dataset1	0
condition1	11.524057604381994	2.1750000000000003	obs_y1		noiseParameter1	dataset1	0
condition1	11.6046157059862	2.18	obs_y1		noiseParameter1	dataset1	0
condition1	11.632494717533472	2.185	obs_y1		noiseParameter1	dataset1	0
condition1	11.691727975439786	2.19	obs_y1		noiseParameter1	dataset1	0
condition1	11.774414239551565	2.195	obs_y1		noiseParameter1	dataset1	0
condition1	11.843292205753322	2.2	obs_y1		noiseParameter1	dataset1	0
condition1	11.902321186261563	2.205	obs_y1		noiseParameter1	dataset1	0
condition1	11.942224074528227	2.21	obs_y1		noiseParameter1	dataset1	0
condition1	12.03043911831592	2.215	obs_y1		noiseParameter1	dataset1	0
condition1	12.080571673180106	2.22	obs_y1		noiseParameter1	dataset1	0
condition1	12.169629973617631	2.225	obs_y1		noiseParameter1	dataset1	0
condition1	12.231399831413428	2.23	obs_y1		noiseParameter1	dataset1	0
condition1	12.28109429685254	2.235	obs_y1		noiseParameter1	dataset1	0
condition1	12.352328176656071	2.24	obs_y1		noiseParameter1	dataset1	0
condition1	12.411851483363087	2.245	obs_y1		noiseParameter1	dataset1	0
condition1	12.490866745050734	2.25	obs_y1		noiseParameter1	dataset1	0
condition1	12.570588405793	2.255	obs_y1		noiseParameter1	dataset1	0
condition1	12.613398769639968	2.2600000000000002	obs_y1		noiseParameter1	dataset1	0
condition1	12.699803288774602	2.265	obs_y1		noiseParameter1	dataset1	0
condition1	12.754510705204233	2.27	obs_y1		noiseParameter1	dataset1	0
condition1	12.819290829219733	2.275	obs_y1		noiseParameter1	dataset1	0
condition1	12.896583054202011	2.2800000000000002	obs_y1		noiseParameter1	dataset1	0
condition1	12.953357241411283	2.285	obs_y1		noiseParameter1	dataset1	0
condition1	13.02869989595068	2.29	obs_y1		noiseParameter1	dataset1	0
condition1	13.089675395121168	2.295	obs_y1		noiseParameter1	dataset1	0
condition1	13.201038836397286	2.3000000000000003	obs_y1		noiseParameter1	dataset1	0
condition1	13.245723896635113	2.305	obs_y1		noiseParameter1	dataset1	0
condition1	13.306369186721518	2.31	obs_y1		noiseParameter1	dataset1	0
condition1	13.389308646983581	2.315	obs_y1		noiseParameter1	dataset1	0
condition1	13.45602014696797	2.32	obs_y1		noiseParameter1	dataset1	0
condition1	13.525961665875979	2.325	obs_y1		noiseParameter1	dataset1	0
condition1	13.60905724012533	2.33	obs_y1		noiseParameter1	dataset1	0
condition1	13.683149901467075	2.335	obs_y1		noiseParameter1	dataset1	0
condition1	13.737926736944624	2.34	obs_y1		noiseParameter1	dataset1	0
condition1	13.810027199505484	2.345	obs_y1		noiseParameter1	dataset1	0
condition1	13.887269559797323	2.35	obs_y1		noiseParameter1	dataset1	0
condition1	13.932394676656926	2.355	obs_y1		noiseParameter1	dataset1	0
condition1	14.017063863112186	2.36	obs_y1		noiseParameter1	dataset1	0
condition1	14.131766260514208	2.365	obs_y1		noiseParameter1	dataset1	0
condition1	14.210303954096227	2.37	obs_y1		noiseParameter1	dataset1	0
condition1	14.258256572631945	2.375	obs_y1		noiseParameter1	dataset1	0
condition1	14.34526860019833	2.38	obs_y1		noiseParameter1	dataset1	0
condition1	14.417037387838677	2.3850000000000002	obs_y1		noiseParameter1	dataset1	0
condition1	14.533065402167809	2.39	obs_y1		noiseParameter1	dataset1	0
condition1	14.581027837543896	2.395	obs_y1		noiseParameter1	dataset1	0
condition1	14.63947368206758	2.4	obs_y1		noiseParameter1	dataset1	0
condition1	14.70427026985575	2.4050000000000002	obs_y1		noiseParameter1	dataset1	0
condition1	14.77191805140792	2.41	obs_y1		noiseParameter1	dataset1	0
condition1	14.876431645265765	2.415	obs_y1		noiseParameter1	dataset1	0
condition1	14.94018442770758	2.42	obs_y1		noiseParameter1	dataset1	0
condition1	15.008574794538868	2.4250000000000003	obs_y1		noiseParameter1	dataset1	0
condition1	15.099013134064311	2.43	obs_y1		noiseParameter1	dataset1	0
condition1	15.17156108566003	2.435	obs_y1		noiseParameter1	dataset1	0
condition1	15.293328470188605	2.44	obs_y1		noiseParameter1	dataset1	0
condition1	15.36106198387332	2.445	obs_y1		noiseParameter1	dataset1	0
condition1	15.4277498955603	2.45	obs_y1		noiseParameter1	dataset1	0
condition1	15.531549556064004	2.455	obs_y1		noiseParameter1	dataset1	0
condition1	15.59091361437799	2.46	obs_y1		noiseParameter1	dataset1	0
condition1	15.657706916887316	2.465	obs_y1		noiseParameter1	dataset1	0
condition1	15.777084133962598	2.47	obs_y1		noiseParameter1	dataset1	0
condition1	15.843901236315359	2.475	obs_y1		noiseParameter1	dataset1	0
condition1	15.901526983643993	2.48	obs_y1		noiseParameter1	dataset1	0
condition1	15.998058236450516	2.485	obs_y1		noiseParameter1	dataset1	0
condition1	16.070483454408954	2.49	obs_y1		noiseParameter1	dataset1	0
condition1	16.14607292709571	2.495	obs_y1		noiseParameter1	dataset1	0
condition1	16.267748588464286	2.5	obs_y1		noiseParameter1	dataset1	0
condition1	16.368559615513224	2.505	obs_y1		noiseParameter1	dataset1	0
condition1	16.39947211407991	2.5100000000000002	obs_y1		noiseParameter1	dataset1	0
condition1	16.51721700881721	2.515	obs_y1		noiseParameter1	dataset1	0
condition1	16.583020961840102	2.52	obs_y1		noiseParameter1	dataset1	0
condition1	16.671999032417162	2.525	obs_y1		noiseParameter1	dataset1	0
condition1	16.756913390256223	2.5300000000000002	obs_y1		noiseParameter1	dataset1	0
condition1	16.839422995934722	2.535	obs_y1		noiseParameter1	dataset1	0
condition1	16.94236473740556	2.54	obs_y1		noiseParameter1	dataset1	0
condition1	17.01537157947461	2.545	obs_y1		noiseParameter1	dataset1	0
condition1	17.122555249104515	2.5500000000000003	obs_y1		noiseParameter1	dataset1	0
condition1	17.205890495854582	2.555	obs_y1		noiseParameter1	dataset1	0
condition1	17.291879694340263	2.56	obs_y1		noiseParameter1	dataset1	0
condition1	17.36992206086824	2.565	obs_y1		noiseParameter1	dataset1	0
condition1	17.46574209835266	2.57	obs_y1		noiseParameter1	dataset1	0
condition1	17.579647196798167	2.575	obs_y1		noiseParameter1	dataset1	0
condition1	17.66621604167582	2.58	obs_y1		noiseParameter1	dataset1	0
condition1	17.731453876196305	2.585	obs_y1		noiseParameter1	dataset1	0
condition1	17.842451637700545	2.59	obs_y1		noiseParameter1	dataset1	0
condition1	17.94647361952643	2.595	obs_y1		noiseParameter1	dataset1	0
condition1	17.9956728824409	2.6	obs_y1		noiseParameter1	dataset1	0
condition1	18.128825548039345	2.605	obs_y1		noiseParameter1	dataset1	0
condition1	18.20057889729423	2.61	obs_y1		noiseParameter1	dataset1	0
condition1	18.317213220614914	2.615	obs_y1		noiseParameter1	dataset1	0
condition1	18.387298922401914	2.62	obs_y1		noiseParameter1	dataset1	0
condition1	18.462995177435708	2.625	obs_y1		noiseParameter1	dataset1	0
condition1	18.56161587275442	2.63	obs_y1		noiseParameter1	dataset1	0
condition1	18.68873286595318	2.6350000000000002	obs_y1		noiseParameter1	dataset1	0
condition1	18.789138052743915	2.64	obs_y1		noiseParameter1	dataset1	0
condition1	18.86407812003261	2.645	obs_y1		noiseParameter1	dataset1	0
condition1	18.990636154041034	2.65	obs_y1		noiseParameter1	dataset1	0
condition1	19.0446579402436	2.6550000000000002	obs_y1		noiseParameter1	dataset1	0
condition1	19.173399276229635	2.66	obs_y1		noiseParameter1	dataset1	0
condition1	19.25011657790609	2.665	obs_y1		noiseParameter1	dataset1	0
condition1	19.36010047020756	2.67	obs_y1		noiseParameter1	dataset1	0
condition1	19.47340561049724	2.6750000000000003	obs_y1		noiseParameter1	dataset1	0
condition1	19.555881910326743	2.68	obs_y1		noiseParameter1	dataset1	0
condition1	19.66588501218545	2.685	obs_y1		noiseParameter1	dataset1	0
condition1	19.794568300246155	2.69	obs_y1		noiseParameter1	dataset1	0
condition1	19.864914509486947	2.695	obs_y1		noiseParameter1	dataset1	0
condition1	19.995284576549288	2.7	obs_y1		noiseParameter1	dataset1	0
condition1	20.058608578467734	2.705	obs_y1		noiseParameter1	dataset1	0
condition1	20.19519523339768	2.71	obs_y1		noiseParameter1	dataset1	0
condition1	20.31745861345258	2.715	obs_y1		noiseParameter1	dataset1	0
condition1	20.342025424429114	2.72	obs_y1		noiseParameter1	dataset1	0
condition1	20.48081942053913	2.725	obs_y1		noiseParameter1	dataset1	0
condition1	20.61427920749055	2.73	obs_y1		noiseParameter1	dataset1	0
condition1	20.70393612634473	2.735	obs_y1		noiseParameter1	dataset1	0
condition1	20.822133377179885	2.74	obs_y1		noiseParameter1	dataset1	0
condition1	20.90855885452689	2.745	obs_y1		noiseParameter1	dataset1	0
condition1	21.030324611746828	2.75	obs_y1		noiseParameter1	dataset1	0
condition1	21.133046883403495	2.755	obs_y1		noiseParameter1	dataset1	0
condition1	21.269507551874558	2.7600000000000002	obs_y1		noiseParameter1	dataset1	0
condition1	21.35902241414928	2.765	obs_y1		noiseParameter1	dataset1	0
condition1	21.47025976358581	2.77	obs_y1		noiseParameter1	dataset1	0
condition1	21.564088245709442	2.775	obs_y1		noiseParameter1	dataset1	0
condition1	21.67289897514071	2.7800000000000002	obs_y1		noiseParameter1	dataset1	0
condition1	21.785084119123017	2.785	obs_y1		noiseParameter1	dataset1	0
condition1	21.914735980913683	2.79	obs_y1		noiseParameter1	dataset1	0
condition1	22.008956127564904	2.795	obs_y1		noiseParameter1	dataset1	0
condition1	22.137318462892914	2.8000000000000003	obs_y1		noiseParameter1	dataset1	0
condition1	22.290303479833447	2.805	obs_y1		noiseParameter1	dataset1	0
condition1	22.377402330262907	2.81	obs_y1		noiseParameter1	dataset1	0
condition1	22.46494528365063	2.815	obs_y1		noiseParameter1	dataset1	0
condition1	22.614310836403163	2.82	obs_y1		noiseParameter1	dataset1	0
condition1	22.693385371209814	2.825	obs_y1		noiseParameter1	dataset1	0
condition1	22.772180227738755	2.83	obs_y1		noiseParameter1	dataset1	0
condition1	22.912174332846423	2.835	obs_y1		noiseParameter1	dataset1	0
condition1	23.009348911865953	2.84	obs_y1		noiseParameter1	dataset1	0
condition1	23.16208646723399	2.845	obs_y1		noiseParameter1	dataset1	0
condition1	23.288994441695948	2.85	obs_y1		noiseParameter1	dataset1	0
condition1	23.446722606156825	2.855	obs_y1		noiseParameter1	dataset1	0
condition1	23.534673495126754	2.86	obs_y1		noiseParameter1	dataset1	0
condition1	23.64188876678105	2.865	obs_y1		noiseParameter1	dataset1	0
condition1	23.787461461960845	2.87	obs_y1		noiseParameter1	dataset1	0
condition1	23.836198571553748	2.875	obs_y1		noiseParameter1	dataset1	0
condition1	24.016546417670945	2.88	obs_y1		noiseParameter1	dataset1	0
condition1	24.151961004842132	2.8850000000000002	obs_y1		noiseParameter1	dataset1	0
condition1	24.220563289351965	2.89	obs_y1		noiseParameter1	dataset1	0
condition1	24.40799024767816	2.895	obs_y1		noiseParameter1	dataset1	0
condition1	24.512685867718748	2.9	obs_y1		noiseParameter1	dataset1	0
condition1	24.619060829068502	2.9050000000000002	obs_y1		noiseParameter1	dataset1	0
condition1	24.770466492937043	2.91	obs_y1		noiseParameter1	dataset1	0
condition1	24.937430408211174	2.915	obs_y1		noiseParameter1	dataset1	0
condition1	25.012234333738263	2.92	obs_y1		noiseParameter1	dataset1	0
condition1	25.141302808729993	2.9250000000000003	obs_y1		noiseParameter1	dataset1	0
condition1	25.251464244498145	2.93	obs_y1		noiseParameter1	dataset1	0
condition1	25.37012651700918	2.935	obs_y1		noiseParameter1	dataset1	0
condition1	25.542167186603503	2.94	obs_y1		noiseParameter1	dataset1	0
condition1	25.628925116681476	2.945	obs_y1		noiseParameter1	dataset1	0
condition1	25.783278505121263	2.95	obs_y1		noiseParameter1	dataset1	0
condition1	25.90024912186788	2.955	obs_y1		noiseParameter1	dataset1	0
condition1	26.056941653852075	2.96	obs_y1		noiseParameter1	dataset1	0
condition1	26.18569218409112	2.965	obs_y1		noiseParameter1	dataset1	0
condition1	26.337400720344963	2.97	obs_y1		noiseParameter1	dataset1	0
condition1	26.430418427833285	2.975	obs_y1		noiseParameter1	dataset1	0
condition1	26.571195389042895	2.98	obs_y1		noiseParameter1	dataset1	0
condition1	26.687349020601413	2.985	obs_y1		noiseParameter1	dataset1	0
condition1	26.837360668188516	2.99	obs_y1		noiseParameter1	dataset1	0
condition1	26.995936583558766	2.995	obs_y1		noiseParameter1	dataset1	0
condition1	27.14342601636975	3.0	obs_y1		noiseParameter1	dataset1	0
condition1	27.235572526798137	3.005	obs_y1		noiseParameter1	dataset1	0
condition1	27.423036158389863	3.0100000000000002	obs_y1		noiseParameter1	dataset1	0
condition1	27.575724552388966	3.015	obs_y1		noiseParameter1	dataset1	0
condition1	27.68970652039189	3.02	obs_y1		noiseParameter1	dataset1	0
condition1	27.8710360883377	3.025	obs_y1		noiseParameter1	dataset1	0
condition1	27.938448191602387	3.0300000000000002	obs_y1		noiseParameter1	dataset1	0
condition1	28.067062271090993	3.035	obs_y1		noiseParameter1	dataset1	0
condition1	28.19445858543396	3.04	obs_y1		noiseParameter1	dataset1	0
condition1	28.43053195804701	3.045	obs_y1		noiseParameter1	dataset1	0
condition1	28.550806118919205	3.0500000000000003	obs_y1		noiseParameter1	dataset1	0
condition1	28.67532814237044	3.055	obs_y1		noiseParameter1	dataset1	0
condition1	28.83049457057238	3.06	obs_y1		noiseParameter1	dataset1	0
condition1	28.9360445842685	3.065	obs_y1		noiseParameter1	dataset1	0
condition1	29.186805181687088	3.0700000000000003	obs_y1		noiseParameter1	dataset1	0
condition1	29.267051834678764	3.075	obs_y1		noiseParameter1	dataset1	0
condition1	29.414893895323853	3.08	obs_y1		noiseParameter1	dataset1	0
condition1	29.582271658245464	3.085	obs_y1		noiseParameter1	dataset1	0
condition1	29.72498823131319	3.09	obs_y1		noiseParameter1	dataset1	0
condition1	29.868004759811907	3.095	obs_y1		noiseParameter1	dataset1	0
condition1	29.988963438471927	3.1	obs_y1		noiseParameter1	dataset1	0
condition1	30.17902789433298	3.105	obs_y1		noiseParameter1	dataset1	0
condition1	30.374737032641796	3.11	obs_y1		noiseParameter1	dataset1	0
condition1	30.51230506643619	3.115	obs_y1		noiseParameter1	dataset1	0
condition1	30.67449225800492	3.12	obs_y1		noiseParameter1	dataset1	0
condition1	30.765120963060433	3.125	obs_y1		noiseParameter1	dataset1	0
condition1	30.90616750206697	3.13	obs_y1		noiseParameter1	dataset1	0
condition1	31.089570767458543	3.1350000000000002	obs_y1		noiseParameter1	dataset1	0
condition1	31.252699686594944	3.14	obs_y1		noiseParameter1	dataset1	0
condition1	31.44358325653661	3.145	obs_y1		noiseParameter1	dataset1	0
condition1	31.514829710330886	3.15	obs_y1		noiseParameter1	dataset1	0
condition1	31.776618851581134	3.1550000000000002	obs_y1		noiseParameter1	dataset1	0
condition1	31.88367470805722	3.16	obs_y1		noiseParameter1	dataset1	0
condition1	32.036452995934305	3.165	obs_y1		noiseParameter1	dataset1	0
condition1	32.17975456001123	3.17	obs_y1		noiseParameter1	dataset1	0
condition1	32.32180752248446	3.1750000000000003	obs_y1		noiseParameter1	dataset1	0
condition1	32.5660059473662	3.18	obs_y1		noiseParameter1	dataset1	0
condition1	32.70626813384016	3.185	obs_y1		noiseParameter1	dataset1	0
condition1	32.826937306011374	3.19	obs_y1		noiseParameter1	dataset1	0
condition1	32.99284236115796	3.1950000000000003	obs_y1		noiseParameter1	dataset1	0
condition1	33.19159144043638	3.2	obs_y1		noiseParameter1	dataset1	0
condition1	33.426380978619335	3.205	obs_y1		noiseParameter1	dataset1	0
condition1	33.530756272096205	3.21	obs_y1		noiseParameter1	dataset1	0
condition1	33.65840978696399	3.215	obs_y1		noiseParameter1	dataset1	0
condition1	33.87121274633672	3.22	obs_y1		noiseParameter1	dataset1	0
condition1	34.04155779115223	3.225	obs_y1		noiseParameter1	dataset1	0
condition1	34.1307056362557	3.23	obs_y1		noiseParameter1	dataset1	0
condition1	34.39414598436081	3.235	obs_y1		noiseParameter1	dataset1	0
condition1	34.56190216794202	3.24	obs_y1		noiseParameter1	dataset1	0
condition1	34.76881107836651	3.245	obs_y1		noiseParameter1	dataset1	0
condition1	34.98479215804635	3.25	obs_y1		noiseParameter1	dataset1	0
condition1	35.136242284291136	3.255	obs_y1		noiseParameter1	dataset1	0
condition1	35.26457338842218	3.2600000000000002	obs_y1		noiseParameter1	dataset1	0
condition1	35.41306560238069	3.265	obs_y1		noiseParameter1	dataset1	0
condition1	35.72310938324888	3.27	obs_y1		noiseParameter1	dataset1	0
condition1	35.81355068872791	3.275	obs_y1		noiseParameter1	dataset1	0
condition1	35.992839529798985	3.2800000000000002	obs_y1		noiseParameter1	dataset1	0
condition1	36.1732733184506	3.285	obs_y1		noiseParameter1	dataset1	0
condition1	36.364059801893966	3.29	obs_y1		noiseParameter1	dataset1	0
condition1	36.535203872313495	3.295	obs_y1		noiseParameter1	dataset1	0
condition1	36.70394529688284	3.3000000000000003	obs_y1		noiseParameter1	dataset1	0
condition1	36.89028037234908	3.305	obs_y1		noiseParameter1	dataset1	0
condition1	37.09562491295625	3.31	obs_y1		noiseParameter1	dataset1	0
condition1	37.26388087359973	3.315	obs_y1		noiseParameter1	dataset1	0
condition1	37.445663982480816	3.3200000000000003	obs_y1		noiseParameter1	dataset1	0
condition1	37.66555501424441	3.325	obs_y1		noiseParameter1	dataset1	0
condition1	37.84200745961475	3.33	obs_y1		noiseParameter1	dataset1	0
condition1	38.09993299139495	3.335	obs_y1		noiseParameter1	dataset1	0
condition1	38.13336708570375	3.34	obs_y1		noiseParameter1	dataset1	0
condition1	38.4696351970127	3.345	obs_y1		noiseParameter1	dataset1	0
condition1	38.669742417786466	3.35	obs_y1		noiseParameter1	dataset1	0
condition1	38.736025726383616	3.355	obs_y1		noiseParameter1	dataset1	0
condition1	38.99899963039932	3.36	obs_y1		noiseParameter1	dataset1	0
condition1	39.194641164619604	3.365	obs_y1		noiseParameter1	dataset1	0
condition1	39.35155571475581	3.37	obs_y1		noiseParameter1	dataset1	0
condition1	39.57501704069226	3.375	obs_y1		noiseParameter1	dataset1	0
condition1	39.76140754066767	3.38	obs_y1		noiseParameter1	dataset1	0
condition1	40.07650334183119	3.3850000000000002	obs_y1		noiseParameter1	dataset1	0
condition1	40.24580990235663	3.39	obs_y1		noiseParameter1	dataset1	0
condition1	40.46236451569783	3.395	obs_y1		noiseParameter1	dataset1	0
condition1	40.64409220888027	3.4	obs_y1		noiseParameter1	dataset1	0
condition1	40.7735114072624	3.4050000000000002	obs_y1		noiseParameter1	dataset1	0
condition1	41.00391775412191	3.41	obs_y1		noiseParameter1	dataset1	0
condition1	41.25247757972865	3.415	obs_y1		noiseParameter1	dataset1	0
condition1	41.38954815105257	3.42	obs_y1		noiseParameter1	dataset1	0
condition1	41.67881885300466	3.4250000000000003	obs_y1		noiseParameter1	dataset1	0
condition1	41.849034152290265	3.43	obs_y1		noiseParameter1	dataset1	0
condition1	42.05434244790967	3.435	obs_y1		noiseParameter1	dataset1	0
condition1	42.312241043856545	3.44	obs_y1		noiseParameter1	dataset1	0
condition1	42.514185080794064	3.4450000000000003	obs_y1		noiseParameter1	dataset1	0
condition1	42.69407745535849	3.45	obs_y1		noiseParameter1	dataset1	0
condition1	42.97451389138957	3.455	obs_y1		noiseParameter1	dataset1	0
condition1	43.09444055546788	3.46	obs_y1		noiseParameter1	dataset1	0
condition1	43.38519211544018	3.465	obs_y1		noiseParameter1	dataset1	0
condition1	43.602822805154965	3.47	obs_y1		noiseParameter1	dataset1	0
condition1	43.78300068428235	3.475	obs_y1		noiseParameter1	dataset1	0
condition1	44.03158856716743	3.48	obs_y1		noiseParameter1	dataset1	0
condition1	44.18366076227562	3.485	obs_y1		noiseParameter1	dataset1	0
condition1	44.50297436519459	3.49	obs_y1		noiseParameter1	dataset1	0
condition1	44.67762092314743	3.495	obs_y1		noiseParameter1	dataset1	0
condition1	44.8875175616307	3.5	obs_y1		noiseParameter1	dataset1	0
condition1	45.18457577329995	3.505	obs_y1		noiseParameter1	dataset1	0
condition1	45.332635338105234	3.5100000000000002	obs_y1		noiseParameter1	dataset1	0
condition1	45.52886674294182	3.515	obs_y1		noiseParameter1	dataset1	0
condition1	45.75138884964801	3.52	obs_y1		noiseParameter1	dataset1	0
condition1	46.08140720013735	3.525	obs_y1		noiseParameter1	dataset1	0
condition1	46.226164861434576	3.5300000000000002	obs_y1		noiseParameter1	dataset1	0
condition1	46.60014934340981	3.535	obs_y1		noiseParameter1	dataset1	0
condition1	46.655434679196915	3.54	obs_y1		noiseParameter1	dataset1	0
condition1	47.06790454897971	3.545	obs_y1		noiseParameter1	dataset1	0
condition1	47.23475151526266	3.5500000000000003	obs_y1		noiseParameter1	dataset1	0
condition1	47.457971693975146	3.555	obs_y1		noiseParameter1	dataset1	0
condition1	47.67553066410127	3.56	obs_y1		noiseParameter1	dataset1	0
condition1	47.96081405810651	3.565	obs_y1		noiseParameter1	dataset1	0
condition1	48.18121859982215	3.5700000000000003	obs_y1		noiseParameter1	dataset1	0
condition1	48.47901766764986	3.575	obs_y1		noiseParameter1	dataset1	0
condition1	48.674917262762676	3.58	obs_y1		noiseParameter1	dataset1	0
condition1	48.921694719904906	3.585	obs_y1		noiseParameter1	dataset1	0
condition1	49.142675167271236	3.59	obs_y1		noiseParameter1	dataset1	0
condition1	49.40517367133743	3.595	obs_y1		noiseParameter1	dataset1	0
condition1	49.67194349094291	3.6	obs_y1		noiseParameter1	dataset1	0
condition1	49.821223649389474	3.605	obs_y1		noiseParameter1	dataset1	0
condition1	50.09011118956792	3.61	obs_y1		noiseParameter1	dataset1	0
condition1	50.44761588298292	3.615	obs_y1		noiseParameter1	dataset1	0
condition1	50.67247944735587	3.62	obs_y1		noiseParameter1	dataset1	0
condition1	50.909396015669444	3.625	obs_y1		noiseParameter1	dataset1	0
condition1	51.1759219667956	3.63	obs_y1		noiseParameter1	dataset1	0
condition1	51.450349316362825	3.6350000000000002	obs_y1		noiseParameter1	dataset1	0
condition1	51.663350962190485	3.64	obs_y1		noiseParameter1	dataset1	0
condition1	51.91088957786208	3.645	obs_y1		noiseParameter1	dataset1	0
condition1	52.2229196090606	3.65	obs_y1		noiseParameter1	dataset1	0
condition1	52.42402926423191	3.6550000000000002	obs_y1		noiseParameter1	dataset1	0
condition1	52.76088830448955	3.66	obs_y1		noiseParameter1	dataset1	0
condition1	52.91441846756309	3.665	obs_y1		noiseParameter1	dataset1	0
condition1	53.32611888921526	3.67	obs_y1		noiseParameter1	dataset1	0
condition1	53.56455979504541	3.6750000000000003	obs_y1		noiseParameter1	dataset1	0
condition1	53.822335150899995	3.68	obs_y1		noiseParameter1	dataset1	0
condition1	54.13234816599901	3.685	obs_y1		noiseParameter1	dataset1	0
condition1	54.44172396062975	3.69	obs_y1		noiseParameter1	dataset1	0
condition1	54.67997008416641	3.6950000000000003	obs_y1		noiseParameter1	dataset1	0
condition1	54.79822061193121	3.7	obs_y1		noiseParameter1	dataset1	0
condition1	55.10477731387639	3.705	obs_y1		noiseParameter1	dataset1	0
condition1	55.41820500372301	3.71	obs_y1		noiseParameter1	dataset1	0
condition1	55.733167881826645	3.715	obs_y1		noiseParameter1	dataset1	0
condition1	56.04096294917068	3.72	obs_y1		noiseParameter1	dataset1	0
condition1	56.25276743304946	3.725	obs_y1		noiseParameter1	dataset1	0
condition1	56.58725046599214	3.73	obs_y1		noiseParameter1	dataset1	0
condition1	56.81820789847511	3.735	obs_y1		noiseParameter1	dataset1	0
condition1	57.11211092959581	3.74	obs_y1		noiseParameter1	dataset1	0
condition1	57.35359283019119	3.745	obs_y1		noiseParameter1	dataset1	0
condition1	57.669853616570855	3.75	obs_y1		noiseParameter1	dataset1	0
condition1	57.93493484067863	3.755	obs_y1		noiseParameter1	dataset1	0
condition1	58.24810765298986	3.7600000000000002	obs_y1		noiseParameter1	dataset1	0
condition1	58.65986032847421	3.765	obs_y1		noiseParameter1	dataset1	0
condition1	58.83678411825589	3.77	obs_y1		noiseParameter1	dataset1	0
condition1	59.34455434353181	3.775	obs_y1		noiseParameter1	dataset1	0
condition1	59.515622453661706	3.7800000000000002	obs_y1		noiseParameter1	dataset1	0
condition1	59.796344282360536	3.785	obs_y1		noiseParameter1	dataset1	0
condition1	60.03423028086531	3.79	obs_y1		noiseParameter1	dataset1	0
condition1	60.43010930510684	3.795	obs_y1		noiseParameter1	dataset1	0
condition1	60.6564062768958	3.8000000000000003	obs_y1		noiseParameter1	dataset1	0
condition1	61.00382531715537	3.805	obs_y1		noiseParameter1	dataset1	0
condition1	61.4598894275433	3.81	obs_y1		noiseParameter1	dataset1	0
condition1	61.60512843306274	3.815	obs_y1		noiseParameter1	dataset1	0
condition1	61.99184891724829	3.8200000000000003	obs_y1		noiseParameter1	dataset1	0
condition1	62.18811147730459	3.825	obs_y1		noiseParameter1	dataset1	0
condition1	62.542425232698285	3.83	obs_y1		noiseParameter1	dataset1	0
condition1	62.97022989503335	3.835	obs_y1		noiseParameter1	dataset1	0
condition1	63.135187923543604	3.84	obs_y1		noiseParameter1	dataset1	0
condition1	63.60732939091777	3.845	obs_y1		noiseParameter1	dataset1	0
condition1	63.85645931290289	3.85	obs_y1		noiseParameter1	dataset1	0
condition1	64.09586371968314	3.855	obs_y1		noiseParameter1	dataset1	0
condition1	64.49493946223463	3.86	obs_y1		noiseParameter1	dataset1	0
condition1	64.84103197863062	3.865	obs_y1		noiseParameter1	dataset1	0
condition1	65.14398693068362	3.87	obs_y1		noiseParameter1	dataset1	0
condition1	65.32786484565702	3.875	obs_y1		noiseParameter1	dataset1	0
condition1	65.71152596290531	3.88	obs_y1		noiseParameter1	dataset1	0
condition1	66.07336397924715	3.8850000000000002	obs_y1		noiseParameter1	dataset1	0
condition1	66.41681103663873	3.89	obs_y1		noiseParameter1	dataset1	0
condition1	66.79688142606011	3.895	obs_y1		noiseParameter1	dataset1	0
condition1	67.10273230306443	3.9	obs_y1		noiseParameter1	dataset1	0
condition1	67.33781007231734	3.9050000000000002	obs_y1		noiseParameter1	dataset1	0
condition1	67.7923391298053	3.91	obs_y1		noiseParameter1	dataset1	0
condition1	68.14857868604511	3.915	obs_y1		noiseParameter1	dataset1	0
condition1	68.48743245094256	3.92	obs_y1		noiseParameter1	dataset1	0
condition1	68.86729835989968	3.9250000000000003	obs_y1		noiseParameter1	dataset1	0
condition1	69.19615718254619	3.93	obs_y1		noiseParameter1	dataset1	0
condition1	69.51768877848282	3.935	obs_y1		noiseParameter1	dataset1	0
condition1	69.82990065127328	3.94	obs_y1		noiseParameter1	dataset1	0
condition1	70.06898940404061	3.9450000000000003	obs_y1		noiseParameter1	dataset1	0
condition1	70.56838818379563	3.95	obs_y1		noiseParameter1	dataset1	0
condition1	70.90708950196563	3.955	obs_y1		noiseParameter1	dataset1	0
condition1	71.26777018364305	3.96	obs_y1		noiseParameter1	dataset1	0
condition1	71.51483322362628	3.9650000000000003	obs_y1		noiseParameter1	dataset1	0
condition1	71.8880831561168	3.97	obs_y1		noiseParameter1	dataset1	0
condition1	72.40347912471695	3.975	obs_y1		noiseParameter1	dataset1	0
condition1	72.68766537179471	3.98	obs_y1		noiseParameter1	dataset1	0
condition1	73.105378589666	3.985	obs_y1		noiseParameter1	dataset1	0
condition1	73.42454723424574	3.99	obs_y1		noiseParameter1	dataset1	0
condition1	73.79337619766272	3.995	obs_y1		noiseParameter1	dataset1	0
condition1	74.23132241236301	4.0	obs_y1		noiseParameter1	dataset1	0
condition1	74.49568593245274	4.005	obs_y1		noiseParameter1	dataset1	0
condition1	74.91562371988513	4.01	obs_y1		noiseParameter1	dataset1	0
condition1	75.24976854623137	4.015	obs_y1		noiseParameter1	dataset1	0
condition1	75.62972501333176	4.0200000000000005	obs_y1		noiseParameter1	dataset1	0
condition1	76.01901084156374	4.025	obs_y1		noiseParameter1	dataset1	0
condition1	76.44131949346469	4.03	obs_y1		noiseParameter1	dataset1	0
condition1	76.77130390341136	4.035	obs_y1		noiseParameter1	dataset1	0
condition1	77.29066495296516	4.04	obs_y1		noiseParameter1	dataset1	0
condition1	77.51190627636163	4.045	obs_y1		noiseParameter1	dataset1	0
condition1	77.95626269981223	4.05	obs_y1		noiseParameter1	dataset1	0
condition1	78.32784631643638	4.055	obs_y1		noiseParameter1	dataset1	0
condition1	78.86969293164135	4.0600000000000005	obs_y1		noiseParameter1	dataset1	0
condition1	79.16669201433028	4.065	obs_y1		noiseParameter1	dataset1	0
condition1	79.63059430754063	4.07	obs_y1		noiseParameter1	dataset1	0
condition1	79.8291120429355	4.075	obs_y1		noiseParameter1	dataset1	0
condition1	80.37070225847424	4.08	obs_y1		noiseParameter1	dataset1	0
condition1	80.824459240479	4.085	obs_y1		noiseParameter1	dataset1	0
condition1	81.16469029117444	4.09	obs_y1		noiseParameter1	dataset1	0
condition1	81.65234066353962	4.095	obs_y1		noiseParameter1	dataset1	0
condition1	81.93249076626749	4.1	obs_y1		noiseParameter1	dataset1	0
condition1	82.5025170097536	4.105	obs_y1		noiseParameter1	dataset1	0
condition1	82.99032481132538	4.11	obs_y1		noiseParameter1	dataset1	0
condition1	83.18542242468544	4.115	obs_y1		noiseParameter1	dataset1	0
condition1	83.59607794027453	4.12	obs_y1		noiseParameter1	dataset1	0
condition1	84.17530971671812	4.125	obs_y1		noiseParameter1	dataset1	0
condition1	84.60849532721537	4.13	obs_y1		noiseParameter1	dataset1	0
condition1	84.85469510721467	4.135	obs_y1		noiseParameter1	dataset1	0
condition1	85.28937995225613	4.14	obs_y1		noiseParameter1	dataset1	0
condition1	85.72934864247387	4.1450000000000005	obs_y1		noiseParameter1	dataset1	0
condition1	86.06806663232469	4.15	obs_y1		noiseParameter1	dataset1	0
condition1	86.53694484255121	4.155	obs_y1		noiseParameter1	dataset1	0
condition1	86.96384756748228	4.16	obs_y1		noiseParameter1	dataset1	0
condition1	87.42100636684633	4.165	obs_y1		noiseParameter1	dataset1	0
condition1	87.92423732401204	4.17	obs_y1		noiseParameter1	dataset1	0
condition1	88.38928997250022	4.175	obs_y1		noiseParameter1	dataset1	0
condition1	88.94981084970685	4.18	obs_y1		noiseParameter1	dataset1	0
condition1	89.16873189267183	4.1850000000000005	obs_y1		noiseParameter1	dataset1	0
condition1	89.79410889021946	4.19	obs_y1		noiseParameter1	dataset1	0
condition1	90.13672634609227	4.195	obs_y1		noiseParameter1	dataset1	0
condition1	90.60400007135836	4.2	obs_y1		noiseParameter1	dataset1	0
condition1	91.12466151774258	4.205	obs_y1		noiseParameter1	dataset1	0
condition1	91.41746349186148	4.21	obs_y1		noiseParameter1	dataset1	0
condition1	92.01468208218087	4.215	obs_y1		noiseParameter1	dataset1	0
condition1	92.45648770280269	4.22	obs_y1		noiseParameter1	dataset1	0
condition1	92.95075534668547	4.225	obs_y1		noiseParameter1	dataset1	0
condition1	93.39823029898803	4.23	obs_y1		noiseParameter1	dataset1	0
condition1	94.07019550522203	4.235	obs_y1		noiseParameter1	dataset1	0
condition1	94.25055133352876	4.24	obs_y1		noiseParameter1	dataset1	0
condition1	94.73363119012988	4.245	obs_y1		noiseParameter1	dataset1	0
condition1	95.2002348185094	4.25	obs_y1		noiseParameter1	dataset1	0
condition1	95.6844301186756	4.255	obs_y1		noiseParameter1	dataset1	0
condition1	96.15669072203312	4.26	obs_y1		noiseParameter1	dataset1	0
condition1	96.81581186675274	4.265	obs_y1		noiseParameter1	dataset1	0
condition1	97.32411784549839	4.2700000000000005	obs_y1		noiseParameter1	dataset1	0
condition1	97.61797901336496	4.275	obs_y1		noiseParameter1	dataset1	0
condition1	98.08212186646726	4.28	obs_y1		noiseParameter1	dataset1	0
condition1	98.70289447443507	4.285	obs_y1		noiseParameter1	dataset1	0
condition1	99.09665627922467	4.29	obs_y1		noiseParameter1	dataset1	0
condition1	99.71198337926536	4.295	obs_y1		noiseParameter1	dataset1	0
condition1	100.16922859420917	4.3	obs_y1		noiseParameter1	dataset1	0
condition1	100.49884169070934	4.305	obs_y1		noiseParameter1	dataset1	0
condition1	101.31295721844347	4.3100000000000005	obs_y1		noiseParameter1	dataset1	0
condition1	101.84653575776791	4.315	obs_y1		noiseParameter1	dataset1	0
condition1	102.111432810258	4.32	obs_y1		noiseParameter1	dataset1	0
condition1	102.64687066084159	4.325	obs_y1		noiseParameter1	dataset1	0
condition1	103.23139000371886	4.33	obs_y1		noiseParameter1	dataset1	0
condition1	103.75436366175933	4.335	obs_y1		noiseParameter1	dataset1	0
condition1	104.30869935300512	4.34	obs_y1		noiseParameter1	dataset1	0
condition1	104.9736325508123	4.345	obs_y1		noiseParameter1	dataset1	0
condition1	105.27001071666518	4.3500000000000005	obs_y1		noiseParameter1	dataset1	0
condition1	105.73240397887727	4.355	obs_y1		noiseParameter1	dataset1	0
condition1	106.20107126683867	4.36	obs_y1		noiseParameter1	dataset1	0
condition1	106.80317619454055	4.365	obs_y1		noiseParameter1	dataset1	0
condition1	107.41395273615609	4.37	obs_y1		noiseParameter1	dataset1	0
condition1	108.15014282235889	4.375	obs_y1		noiseParameter1	dataset1	0
condition1	108.44184556625828	4.38	obs_y1		noiseParameter1	dataset1	0
condition1	109.06671672884589	4.385	obs_y1		noiseParameter1	dataset1	0
condition1	109.58754967169054	4.39	obs_y1		noiseParameter1	dataset1	0
condition1	110.27001285095001	4.3950000000000005	obs_y1		noiseParameter1	dataset1	0
condition1	110.97136287423461	4.4	obs_y1		noiseParameter1	dataset1	0
condition1	111.18789060351051	4.405	obs_y1		noiseParameter1	dataset1	0
condition1	111.75030310845104	4.41	obs_y1		noiseParameter1	dataset1	0
condition1	112.48322486303252	4.415	obs_y1		noiseParameter1	dataset1	0
condition1	113.00658355075804	4.42	obs_y1		noiseParameter1	dataset1	0
condition1	113.70567616501891	4.425	obs_y1		noiseParameter1	dataset1	0
condition1	114.13202982641167	4.43	obs_y1		noiseParameter1	dataset1	0
condition1	114.59642875239291	4.4350000000000005	obs_y1		noiseParameter1	dataset1	0
condition1	115.28072734072475	4.44	obs_y1		noiseParameter1	dataset1	0
condition1	115.91899348349864	4.445	obs_y1		noiseParameter1	dataset1	0
condition1	116.46693107975936	4.45	obs_y1		noiseParameter1	dataset1	0
condition1	117.01452236677353	4.455	obs_y1		noiseParameter1	dataset1	0
condition1	117.66724050245519	4.46	obs_y1		noiseParameter1	dataset1	0
condition1	118.26959826843682	4.465	obs_y1		noiseParameter1	dataset1	0
condition1	118.88812252706259	4.47	obs_y1		noiseParameter1	dataset1	0
condition1	119.39695830690145	4.4750000000000005	obs_y1		noiseParameter1	dataset1	0
condition1	119.8980245349158	4.48	obs_y1		noiseParameter1	dataset1	0
condition1	120.53725531850465	4.485	obs_y1		noiseParameter1	dataset1	0
condition1	121.27023218367302	4.49	obs_y1		noiseParameter1	dataset1	0
condition1	121.6321974915485	4.495	obs_y1		noiseParameter1	dataset1	0
condition1	122.3873415640899	4.5	obs_y1		noiseParameter1	dataset1	0
condition1	122.90752531705583	4.505	obs_y1		noiseParameter1	dataset1	0
condition1	123.5761660087498	4.51	obs_y1		noiseParameter1	dataset1	0
condition1	124.35120259308356	4.515	obs_y1		noiseParameter1	dataset1	0
condition1	124.83920007962816	4.5200000000000005	obs_y1		noiseParameter1	dataset1	0
condition1	125.44721286826474	4.525	obs_y1		noiseParameter1	dataset1	0
condition1	125.89912583321207	4.53	obs_y1		noiseParameter1	dataset1	0
condition1	126.79744377756937	4.535	obs_y1		noiseParameter1	dataset1	0
condition1	127.42058141449031	4.54	obs_y1		noiseParameter1	dataset1	0
condition1	128.2539121633201	4.545	obs_y1		noiseParameter1	dataset1	0
condition1	128.57935716558688	4.55	obs_y1		noiseParameter1	dataset1	0
condition1	129.29236511634056	4.555	obs_y1		noiseParameter1	dataset1	0
condition1	129.94476007336755	4.5600000000000005	obs_y1		noiseParameter1	dataset1	0
condition1	130.7698935618475	4.565	obs_y1		noiseParameter1	dataset1	0
condition1	131.20626759990836	4.57	obs_y1		noiseParameter1	dataset1	0
condition1	131.91368623708885	4.575	obs_y1		noiseParameter1	dataset1	0
condition1	132.61887383027903	4.58	obs_y1		noiseParameter1	dataset1	0
condition1	133.22788913393094	4.585	obs_y1		noiseParameter1	dataset1	0
condition1	133.81132573473127	4.59	obs_y1		noiseParameter1	dataset1	0
condition1	134.56860848142853	4.595	obs_y1		noiseParameter1	dataset1	0
condition1	135.36243708504472	4.6000000000000005	obs_y1		noiseParameter1	dataset1	0
condition1	135.7559136641972	4.605	obs_y1		noiseParameter1	dataset1	0
condition1	136.59511921557808	4.61	obs_y1		noiseParameter1	dataset1	0
condition1	137.1658193630313	4.615	obs_y1		noiseParameter1	dataset1	0
condition1	138.1151685668299	4.62	obs_y1		noiseParameter1	dataset1	0
condition1	138.43097458738075	4.625	obs_y1		noiseParameter1	dataset1	0
condition1	139.2595807949339	4.63	obs_y1		noiseParameter1	dataset1	0
condition1	140.0890733713784	4.635	obs_y1		noiseParameter1	dataset1	0
condition1	140.95887100588004	4.64	obs_y1		noiseParameter1	dataset1	0
condition1	141.43505130709048	4.6450000000000005	obs_y1		noiseParameter1	dataset1	0
condition1	142.074773632821	4.65	obs_y1		noiseParameter1	dataset1	0
condition1	143.13535164481388	4.655	obs_y1		noiseParameter1	dataset1	0
condition1	143.3751583650204	4.66	obs_y1		noiseParameter1	dataset1	0
condition1	143.98583515595064	4.665	obs_y1		noiseParameter1	dataset1	0
condition1	145.09061230197239	4.67	obs_y1		noiseParameter1	dataset1	0
condition1	145.68091631187755	4.675	obs_y1		noiseParameter1	dataset1	0
condition1	146.3354356631162	4.68	obs_y1		noiseParameter1	dataset1	0
condition1	147.32391530597434	4.6850000000000005	obs_y1		noiseParameter1	dataset1	0
condition1	147.99398442053536	4.69	obs_y1		noiseParameter1	dataset1	0
condition1	148.6160135444963	4.695	obs_y1		noiseParameter1	dataset1	0
condition1	149.25425343537665	4.7	obs_y1		noiseParameter1	dataset1	0
condition1	150.32606148060518	4.705	obs_y1		noiseParameter1	dataset1	0
condition1	151.04635777150207	4.71	obs_y1		noiseParameter1	dataset1	0
condition1	151.6901276225498	4.715	obs_y1		noiseParameter1	dataset1	0
condition1	152.74747702110298	4.72	obs_y1		noiseParameter1	dataset1	0
condition1	153.06652452050736	4.7250000000000005	obs_y1		noiseParameter1	dataset1	0
condition1	153.76396206283735	4.73	obs_y1		noiseParameter1	dataset1	0
condition1	154.66405093781992	4.735	obs_y1		noiseParameter1	dataset1	0
condition1	155.5401639335634	4.74	obs_y1		noiseParameter1	dataset1	0
condition1	156.36530036782096	4.745	obs_y1		noiseParameter1	dataset1	0
condition1	157.073272152722	4.75	obs_y1		noiseParameter1	dataset1	0
condition1	157.95460327454597	4.755	obs_y1		noiseParameter1	dataset1	0
condition1	158.4921948037445	4.76	obs_y1		noiseParameter1	dataset1	0
condition1	159.7168194503166	4.765	obs_y1		noiseParameter1	dataset1	0
condition1	160.2731336689827	4.7700000000000005	obs_y1		noiseParameter1	dataset1	0
condition1	161.27003676137926	4.775	obs_y1		noiseParameter1	dataset1	0
condition1	161.95331540784693	4.78	obs_y1		noiseParameter1	dataset1	0
condition1	162.78397193053945	4.785	obs_y1		noiseParameter1	dataset1	0
condition1	163.6187178818545	4.79	obs_y1		noiseParameter1	dataset1	0
condition1	164.41910602601246	4.795	obs_y1		noiseParameter1	dataset1	0
condition1	165.27577479557743	4.8	obs_y1		noiseParameter1	dataset1	0
condition1	166.2184716125073	4.805	obs_y1		noiseParameter1	dataset1	0
condition1	166.86298943709696	4.8100000000000005	obs_y1		noiseParameter1	dataset1	0
condition1	167.78561948527667	4.815	obs_y1		noiseParameter1	dataset1	0
condition1	168.49235304043287	4.82	obs_y1		noiseParameter1	dataset1	0
condition1	169.59630524518053	4.825	obs_y1		noiseParameter1	dataset1	0
condition1	170.08647241940835	4.83	obs_y1		noiseParameter1	dataset1	0
condition1	171.3630879893135	4.835	obs_y1		noiseParameter1	dataset1	0
condition1	171.905833398952	4.84	obs_y1		noiseParameter1	dataset1	0
condition1	172.52754207683114	4.845	obs_y1		noiseParameter1	dataset1	0
condition1	173.66331426024067	4.8500000000000005	obs_y1		noiseParameter1	dataset1	0
condition1	174.3928857942406	4.855	obs_y1		noiseParameter1	dataset1	0
condition1	175.5342050888645	4.86	obs_y1		noiseParameter1	dataset1	0
condition1	176.1511465076058	4.865	obs_y1		noiseParameter1	dataset1	0
condition1	177.0709620222058	4.87	obs_y1		noiseParameter1	dataset1	0
condition1	177.70184302055097	4.875	obs_y1		noiseParameter1	dataset1	0
condition1	178.8500230501628	4.88	obs_y1		noiseParameter1	dataset1	0
condition1	179.39224734924906	4.885	obs_y1		noiseParameter1	dataset1	0
condition1	180.4435406887119	4.89	obs_y1		noiseParameter1	dataset1	0
condition1	181.77410614437224	4.8950000000000005	obs_y1		noiseParameter1	dataset1	0
condition1	182.6901619747551	4.9	obs_y1		noiseParameter1	dataset1	0
condition1	183.54006497091265	4.905	obs_y1		noiseParameter1	dataset1	0
condition1	184.20359627924867	4.91	obs_y1		noiseParameter1	dataset1	0
condition1	185.29753700118917	4.915	obs_y1		noiseParameter1	dataset1	0
condition1	186.2348290206607	4.92	obs_y1		noiseParameter1	dataset1	0
condition1	186.9524672780626	4.925	obs_y1		noiseParameter1	dataset1	0
condition1	188.3905352692304	4.93	obs_y1		noiseParameter1	dataset1	0
condition1	189.21676011006005	4.9350000000000005	obs_y1		noiseParameter1	dataset1	0
condition1	189.95679690722918	4.94	obs_y1		noiseParameter1	dataset1	0
condition1	190.95654954517258	4.945	obs_y1		noiseParameter1	dataset1	0
condition1	191.94881577729709	4.95	obs_y1		noiseParameter1	dataset1	0
condition1	192.47724111648415	4.955	obs_y1		noiseParameter1	dataset1	0
condition1	193.79014938217082	4.96	obs_y1		noiseParameter1	dataset1	0
condition1	194.67707955795868	4.965	obs_y1		noiseParameter1	dataset1	0
condition1	195.59057836547683	4.97	obs_y1		noiseParameter1	dataset1	0
condition1	196.71301062649223	4.9750000000000005	obs_y1		noiseParameter1	dataset1	0
condition1	198.1103827994821	4.98	obs_y1		noiseParameter1	dataset1	0
condition1	198.87374985155643	4.985	obs_y1		noiseParameter1	dataset1	0
condition1	199.62876753328362	4.99	obs_y1		noiseParameter1	dataset1	0
condition1	200.85926458665799	4.995	obs_y1		noiseParameter1	dataset1	0
condition1	202.03312693839112	5.0	obs_y1		noiseParameter1	dataset1	0
